{
    "root": {
        "location": {
            "0": {
                "0": 0.0,
                "12": 0.0
            },
            "1": {
                "0": 0.0,
                "6": 0.183,
                "12": 0.366
            },
            "2": {
                "0": 0.0,
                "12": 0.0
            }
        },
        "rotation_euler": {
            "0": {
                "0": 0.0,
                "12": 0.0
            },
            "1": {
                "0": 0.0,
                "12": 0.0
            },
            "2": {
                "0": 0.0,
                "12": 0.0
            }
        }
    },
    "pelvis": {
        "location": {
            "0": {
                "0": 0.0,
                "12": 0.0
            },
            "1": {
                "0": 0.0,
                "12": -0.127
            },
            "2": {
                "0": 0.0,
                "12": 0.038
            }
        },
        "rotation_euler": {
            "0": {
                "0": 0.0,
                "12": 0.201
            },
            "1": {
                "0": 0.0,
                "12": 0.0
            },
            "2": {
                "0": 0.0,
                "12": -0.0
            }
        }
    },
    "foot_IK_R": {
        "location": {
            "0": {
                "0": -0.109,
                "6": -0.087,
                "12": -0.11
            },
            "1": {
                "0": 0.0,
                "6": -0.237,
                "12": -0.475
            },
            "2": {
                "0": -0.006,
                "6": -0.16,
                "12": 0.0
            }
        },
        "rotation_euler": {
            "0": {
                "0": 0.0,
                "6": 0.045,
                "12": 0.608
            },
            "1": {
                "0": 0.0,
                "6": -0.007,
                "12": -0.025
            },
            "2": {
                "0": 0.0,
                "6": 0.006,
                "12": 0.081
            }
        }
    },
    "foot_IK_L": {
        "location": {
            "0": {
                "0": 0.11,
                "6": 0.107,
                "12": 0.099
            },
            "1": {
                "0": 0.0,
                "6": 0.177,
                "12": 0.298
            },
            "2": {
                "0": -0.005,
                "6": -0.024,
                "12": -0.082
            }
        },
        "rotation_euler": {
            "0": {
                "0": 0.0,
                "6": -0.08,
                "12": -0.582
            },
            "1": {
                "0": 0.0,
                "6": 0.006,
                "12": 0.023
            },
            "2": {
                "0": 0.0,
                "6": 0.011,
                "12": 0.078
            }
        }
    },
    "hand_IK_L": {
        "location": {
            "0": {
                "0": -0.217,
                "12": -0.242
            },
            "1": {
                "0": -0.411,
                "12": -0.294
            },
            "2": {
                "0": 0.021,
                "12": 0.585
            }
        },
        "rotation_euler": {
            "0": {
                "0": -0.022,
                "12": 1.683
            },
            "1": {
                "0": -0.05,
                "12": -0.986
            },
            "2": {
                "0": -1.127,
                "12": -0.728
            }
        }
    },
    "hand_IK_R": {
        "location": {
            "0": {
                "0": 0.205,
                "12": 0.273
            },
            "1": {
                "0": -0.409,
                "12": -0.298
            },
            "2": {
                "0": 0.02,
                "12": -0.232
            }
        },
        "rotation_euler": {
            "0": {
                "0": -0.022,
                "12": 1.604
            },
            "1": {
                "0": 0.048,
                "12": -0.812
            },
            "2": {
                "0": 1.09,
                "12": 1.243
            }
        }
    },
    "leg_IK_R": {
        "location": {
            "0": {
                "0": -0.052,
                "6": 0.076,
                "12": 0.11
            },
            "1": {
                "0": 0.0,
                "6": 0.152,
                "12": 0.305
            },
            "2": {
                "0": 0.005,
                "6": -0.007,
                "12": -0.01
            }
        }
    },
    "leg_IK_L": {
        "location": {
            "0": {
                "0": 0.064,
                "6": -0.057,
                "12": -0.071
            },
            "1": {
                "0": 0.0,
                "6": 0.0,
                "12": 0.0
            },
            "2": {
                "0": 0.006,
                "6": -0.005,
                "12": -0.006
            }
        }
    },
    "arm_IK_L": {
        "location": {
            "0": {
                "0": 0.182,
                "12": -0.376
            },
            "1": {
                "0": -0.001,
                "12": -0.139
            },
            "2": {
                "0": -0.079,
                "12": -0.219
            }
        }
    },
    "arm_IK_R": {
        "location": {
            "0": {
                "0": -0.39,
                "12": -0.304
            },
            "1": {
                "0": 0.0,
                "12": 0.283
            },
            "2": {
                "0": 0.267,
                "12": 0.241
            }
        }
    },
    "spine01": {
        "rotation_euler": {
            "0": {
                "12": -0.124
            },
            "1": {
                "12": -0.0
            },
            "2": {
                "12": 0.0
            }
        }
    },
    "spine02": {
        "rotation_euler": {
            "0": {
                "12": 0.116
            },
            "1": {
                "12": -0.0
            },
            "2": {
                "12": -0.0
            }
        }
    },
    "spine03": {
        "rotation_euler": {
            "0": {
                "12": 0.069
            },
            "1": {
                "12": 0.0
            },
            "2": {
                "12": -0.0
            }
        }
    },
    "clavicle_L": {
        "rotation_euler": {
            "0": {
                "12": 0.0
            },
            "1": {
                "12": 0.0
            },
            "2": {
                "12": 0.0
            }
        }
    },
    "clavicle_R": {
        "rotation_euler": {
            "0": {
                "12": 0.0
            },
            "1": {
                "12": 0.0
            },
            "2": {
                "12": 0.0
            }
        }
    },
    "neck": {
        "rotation_euler": {
            "0": {
                "12": 0.0
            },
            "1": {
                "12": 0.0
            },
            "2": {
                "12": 0.0
            }
        }
    },
    "head": {
        "rotation_euler": {
            "0": {
                "12": 0.0
            },
            "1": {
                "12": 0.0
            },
            "2": {
                "12": 0.0
            }
        }
    },
    "toes_L": {
        "rotation_euler": {
            "0": {
                "0": 0.013,
                "6": 0.123,
                "12": 0.545
            },
            "1": {
                "0": -0.001,
                "6": -0.02,
                "12": -0.087
            },
            "2": {
                "0": 0.004,
                "6": 0.009,
                "12": 0.031
            }
        }
    },
    "toes_R": {
        "rotation_euler": {
            "0": {
                "12": 0.0
            },
            "1": {
                "12": 0.0
            },
            "2": {
                "12": 0.0
            }
        }
    }
}