{
    "root": {
        "location": {
            "0": {
                "0": 0.0,
                "4": 0.0,
                "8": 0.0,
                "12": 0.0,
                "16": 0.0
            },
            "1": {
                "0": 0.0,
                "4": 0.139,
                "8": 0.446,
                "12": 0.753,
                "16": 0.893
            },
            "2": {
                "0": 0.0,
                "4": 0.0,
                "8": 0.0,
                "12": 0.0,
                "16": 0.0
            }
        },
        "rotation_euler": {
            "0": {
                "0": 0.0,
                "4": 0.0,
                "8": 0.0,
                "12": 0.0,
                "16": 0.0
            },
            "1": {
                "0": 0.0,
                "4": 0.0,
                "8": 0.0,
                "12": 0.0,
                "16": 0.0
            },
            "2": {
                "0": 0.0,
                "4": 0.0,
                "8": 0.0,
                "12": 0.0,
                "16": 0.0
            }
        }
    },
    "pelvis": {
        "location": {
            "0": {
                "0": 0.0,
                "4": -0.0,
                "8": 0.0,
                "12": 0.0,
                "16": 0.0
            },
            "1": {
                "0": -0.122,
                "4": -0.173,
                "8": -0.099,
                "12": -0.056,
                "16": -0.127
            },
            "2": {
                "0": 0.021,
                "4": 0.095,
                "8": 0.206,
                "12": 0.159,
                "16": 0.038
            }
        },
        "rotation_euler": {
            "0": {
                "0": 0.201,
                "4": 0.201,
                "8": 0.201,
                "12": 0.201,
                "16": 0.201
            },
            "1": {
                "0": 0.0,
                "4": 0.0,
                "8": 0.0,
                "12": 0.0,
                "16": 0.0
            },
            "2": {
                "0": -0.0,
                "4": -0.0,
                "8": -0.0,
                "12": -0.0,
                "16": -0.0
            }
        }
    },
    "foot_IK_R": {
        "location": {
            "0": {
                "0": -0.097,
                "4": -0.088,
                "8": -0.048,
                "12": -0.069,
                "16": -0.11
            },
            "1": {
                "0": 0.349,
                "4": 0.298,
                "8": -0.018,
                "12": -0.23,
                "16": -0.475
            },
            "2": {
                "0": -0.09,
                "4": -0.154,
                "8": -0.435,
                "12": -0.29,
                "16": 0.0
            }
        },
        "rotation_euler": {
            "0": {
                "0": -0.643,
                "4": -1.189,
                "8": -1.735,
                "12": -0.563,
                "16": 0.608
            },
            "1": {
                "0": -0.028,
                "4": -0.094,
                "8": -0.16,
                "12": -0.093,
                "16": -0.025
            },
            "2": {
                "0": -0.085,
                "4": -0.099,
                "8": -0.113,
                "12": -0.016,
                "16": 0.081
            }
        }
    },
    "foot_IK_L": {
        "location": {
            "0": {
                "0": 0.11,
                "4": 0.109,
                "8": 0.109,
                "12": 0.098,
                "16": 0.099
            },
            "1": {
                "0": -0.467,
                "4": -0.373,
                "8": -0.065,
                "12": 0.123,
                "16": 0.298
            },
            "2": {
                "0": -0.006,
                "4": -0.01,
                "8": -0.008,
                "12": -0.086,
                "16": -0.082
            }
        },
        "rotation_euler": {
            "0": {
                "0": 0.666,
                "4": 0.069,
                "8": 0.042,
                "12": -0.82,
                "16": -0.582
            },
            "1": {
                "0": 0.03,
                "4": 0.005,
                "8": 0.027,
                "12": 0.057,
                "16": 0.023
            },
            "2": {
                "0": -0.088,
                "4": -0.01,
                "8": -0.005,
                "12": 0.096,
                "16": 0.078
            }
        }
    },
    "hand_IK_L": {
        "location": {
            "0": {
                "0": -0.27,
                "4": -0.299,
                "8": -0.202,
                "12": -0.232,
                "16": -0.242
            },
            "1": {
                "0": -0.332,
                "4": -0.261,
                "8": -0.418,
                "12": -0.334,
                "16": -0.294
            },
            "2": {
                "0": -0.233,
                "4": -0.215,
                "8": 0.225,
                "12": 0.494,
                "16": 0.585
            }
        },
        "rotation_euler": {
            "0": {
                "0": 2.181,
                "4": 2.219,
                "8": 1.932,
                "12": 1.761,
                "16": 1.683
            },
            "1": {
                "0": 0.926,
                "4": 0.921,
                "8": -0.03,
                "12": -0.687,
                "16": -0.986
            },
            "2": {
                "0": -0.905,
                "4": -0.811,
                "8": -0.816,
                "12": -0.756,
                "16": -0.728
            }
        }
    },
    "hand_IK_R": {
        "location": {
            "0": {
                "0": 0.205,
                "4": 0.229,
                "8": 0.198,
                "12": 0.251,
                "16": 0.273
            },
            "1": {
                "0": -0.35,
                "4": -0.293,
                "8": -0.403,
                "12": -0.308,
                "16": -0.298
            },
            "2": {
                "0": 0.54,
                "4": 0.655,
                "8": 0.211,
                "12": 0.006,
                "16": -0.232
            }
        },
        "rotation_euler": {
            "0": {
                "0": 1.706,
                "4": 1.704,
                "8": 1.655,
                "12": 1.62,
                "16": 1.604
            },
            "1": {
                "0": 0.781,
                "4": 0.877,
                "8": -0.016,
                "12": -0.563,
                "16": -0.812
            },
            "2": {
                "0": 1.137,
                "4": 1.145,
                "8": 1.19,
                "12": 1.227,
                "16": 1.243
            }
        }
    },
    "leg_IK_R": {
        "location": {
            "0": {
                "0": 0.379,
                "8": 0.219,
                "12": 0.001,
                "16": 0.11
            },
            "1": {
                "0": 0.542,
                "8": 0.423,
                "12": 0.598,
                "16": 0.305
            },
            "2": {
                "0": -0.001,
                "8": -0.025,
                "12": 0.136,
                "16": -0.01
            }
        }
    },
    "leg_IK_L": {
        "location": {
            "0": {
                "0": -0.367,
                "8": -0.235,
                "12": -0.117,
                "16": -0.071
            },
            "1": {
                "0": 0.556,
                "8": 0.278,
                "12": 0.087,
                "16": 0.0
            },
            "2": {
                "0": -0.204,
                "8": -0.107,
                "12": -0.037,
                "16": -0.006
            }
        }
    },
    "arm_IK_L": {
        "location": {
            "0": {
                "0": 0.185,
                "8": -0.095,
                "12": -0.82,
                "16": -0.376
            },
            "1": {
                "0": 0.163,
                "8": 0.012,
                "12": -0.091,
                "16": -0.139
            },
            "2": {
                "0": 0.414,
                "8": 0.098,
                "12": 0.164,
                "16": -0.219
            }
        }
    },
    "arm_IK_R": {
        "location": {
            "0": {
                "0": 0.137,
                "8": 0.686,
                "12": 0.838,
                "16": -0.304
            },
            "1": {
                "0": 0.206,
                "8": 0.244,
                "12": 0.271,
                "16": 0.283
            },
            "2": {
                "0": 0.449,
                "8": 0.615,
                "12": 1.562,
                "16": 0.241
            }
        }
    },
    "spine01": {
        "rotation_euler": {
            "0": {
                "0": -0.124,
                "16": -0.124
            },
            "1": {
                "0": -0.0,
                "16": -0.0
            },
            "2": {
                "0": 0.0,
                "16": 0.0
            }
        }
    },
    "spine02": {
        "rotation_euler": {
            "0": {
                "0": 0.116,
                "16": 0.116
            },
            "1": {
                "0": -0.0,
                "16": -0.0
            },
            "2": {
                "0": -0.0,
                "16": -0.0
            }
        }
    },
    "spine03": {
        "rotation_euler": {
            "0": {
                "0": 0.069,
                "16": 0.069
            },
            "1": {
                "0": 0.0,
                "16": 0.0
            },
            "2": {
                "0": -0.0,
                "16": -0.0
            }
        }
    },
    "clavicle_L": {
        "rotation_euler": {
            "0": {
                "0": 0.0,
                "16": 0.0
            },
            "1": {
                "0": 0.0,
                "16": 0.0
            },
            "2": {
                "0": 0.0,
                "16": 0.0
            }
        }
    },
    "clavicle_R": {
        "rotation_euler": {
            "0": {
                "0": 0.0,
                "16": 0.0
            },
            "1": {
                "0": 0.0,
                "16": 0.0
            },
            "2": {
                "0": 0.0,
                "16": 0.0
            }
        }
    },
    "neck": {
        "rotation_euler": {
            "0": {
                "0": 0.0,
                "16": 0.0
            },
            "1": {
                "0": 0.0,
                "16": 0.0
            },
            "2": {
                "0": 0.0,
                "16": 0.0
            }
        }
    },
    "head": {
        "rotation_euler": {
            "0": {
                "0": 0.0,
                "16": 0.0
            },
            "1": {
                "0": 0.0,
                "16": 0.0
            },
            "2": {
                "0": 0.0,
                "16": 0.0
            }
        }
    },
    "toes_R": {
        "rotation_euler": {
            "0": {
                "0": -0.648,
                "8": 0.3,
                "12": 0.15,
                "16": 0.0
            },
            "1": {
                "0": 0.094,
                "8": -0.037,
                "12": -0.019,
                "16": 0.0
            },
            "2": {
                "0": 0.003,
                "8": -0.011,
                "12": -0.006,
                "16": 0.0
            }
        },
        "location": {
            "0": {
                "12": 0.0
            },
            "1": {
                "12": 0.0
            },
            "2": {
                "12": 0.0
            }
        }
    },
    "toes_L": {
        "rotation_euler": {
            "0": {
                "0": -0.258,
                "8": -0.062,
                "12": 0.829,
                "16": 0.545
            },
            "1": {
                "0": 0.034,
                "8": 0.001,
                "12": -0.132,
                "16": -0.087
            },
            "2": {
                "0": -0.026,
                "8": -0.009,
                "12": 0.01,
                "16": 0.031
            }
        }
    }
}