{
    "root": {
        "location": {
            "0": {
                "0": 0.0,
                "4": 0.0,
                "8": 0.0,
                "12": 0.0,
                "16": 0.0
            },
            "1": {
                "0": 0.0,
                "4": 0.244,
                "8": 0.0,
                "12": 0.472,
                "16": 0.943
            },
            "2": {
                "0": 0.0,
                "4": 0.0,
                "8": 0.0,
                "12": 0.0,
                "16": 0.0
            }
        },
        "rotation_euler": {
            "0": {
                "0": 0.0,
                "4": 0.0,
                "8": 0.0,
                "12": 0.0,
                "16": 0.0
            },
            "1": {
                "0": 0.0,
                "4": 0.0,
                "8": 0.0,
                "12": 0.0,
                "16": 0.0
            },
            "2": {
                "0": 0.0,
                "4": 0.0,
                "8": 0.0,
                "12": 0.0,
                "16": 0.0
            }
        }
    },
    "pelvis": {
        "location": {
            "0": {
                "0": 0.0,
                "4": -0.0,
                "8": 0.0,
                "12": 0.0,
                "16": 0.0
            },
            "1": {
                "0": -0.127,
                "4": -0.163,
                "8": -0.148,
                "12": -0.132,
                "16": -0.122
            },
            "2": {
                "0": 0.038,
                "4": -0.102,
                "8": 0.361,
                "12": 0.413,
                "16": 0.021
            }
        },
        "rotation_euler": {
            "0": {
                "0": 0.201,
                "4": 0.201,
                "8": 0.201,
                "12": 0.201,
                "16": 0.201
            },
            "1": {
                "0": 0.0,
                "4": 0.0,
                "8": 0.0,
                "12": 0.0,
                "16": 0.0
            },
            "2": {
                "0": -0.0,
                "4": -0.0,
                "8": -0.0,
                "12": -0.0,
                "16": -0.0
            }
        }
    },
    "foot_IK_R": {
        "location": {
            "0": {
                "0": -0.11,
                "4": -0.107,
                "8": -0.108,
                "12": -0.096,
                "16": -0.097
            },
            "1": {
                "0": -0.475,
                "4": -0.264,
                "8": -0.509,
                "12": -0.149,
                "16": 0.349
            },
            "2": {
                "0": 0.0,
                "4": -0.022,
                "8": -0.013,
                "12": -0.1,
                "16": -0.09
            }
        },
        "rotation_euler": {
            "0": {
                "0": 0.608,
                "4": -0.011,
                "8": 0.016,
                "12": -0.816,
                "16": -0.643
            },
            "1": {
                "0": -0.025,
                "4": -0.001,
                "8": -0.0,
                "12": -0.05,
                "16": -0.028
            },
            "2": {
                "0": 0.081,
                "4": -0.003,
                "8": 0.002,
                "12": -0.098,
                "16": -0.085
            }
        }
    },
    "foot_IK_L": {
        "location": {
            "0": {
                "0": 0.099,
                "4": 0.088,
                "8": 0.056,
                "12": 0.053,
                "16": 0.11
            },
            "1": {
                "0": 0.298,
                "4": 0.419,
                "8": -0.366,
                "12": -0.548,
                "16": -0.467
            },
            "2": {
                "0": -0.082,
                "4": -0.157,
                "8": -0.384,
                "12": -0.408,
                "16": -0.006
            }
        },
        "rotation_euler": {
            "0": {
                "0": -0.582,
                "4": -1.061,
                "8": -1.54,
                "12": -0.437,
                "16": 0.666
            },
            "1": {
                "0": 0.023,
                "4": 0.08,
                "8": 0.138,
                "12": 0.084,
                "16": 0.03
            },
            "2": {
                "0": 0.078,
                "4": 0.11,
                "8": 0.142,
                "12": 0.027,
                "16": -0.088
            }
        }
    },
    "hand_IK_L": {
        "location": {
            "0": {
                "0": -0.242,
                "4": -0.27,
                "8": -0.192,
                "12": -0.257,
                "16": -0.27
            },
            "1": {
                "0": -0.294,
                "4": -0.247,
                "8": -0.41,
                "12": -0.301,
                "16": -0.332
            },
            "2": {
                "0": 0.585,
                "4": 0.534,
                "8": 0.478,
                "12": 0.213,
                "16": -0.233
            }
        },
        "rotation_euler": {
            "0": {
                "0": 1.683,
                "4": 1.184,
                "8": 1.956,
                "12": 2.153,
                "16": 2.181
            },
            "1": {
                "0": -0.986,
                "4": -1.275,
                "8": -0.187,
                "12": 0.711,
                "16": 0.926
            },
            "2": {
                "0": -0.728,
                "4": -0.281,
                "8": -0.937,
                "12": -0.921,
                "16": -0.905
            }
        }
    },
    "hand_IK_R": {
        "location": {
            "0": {
                "0": 0.273,
                "4": 0.301,
                "8": 0.181,
                "12": 0.213,
                "16": 0.205
            },
            "1": {
                "0": -0.298,
                "4": -0.261,
                "8": -0.406,
                "12": -0.304,
                "16": -0.35
            },
            "2": {
                "0": -0.232,
                "4": -0.415,
                "8": 0.479,
                "12": 0.812,
                "16": 0.54
            }
        },
        "rotation_euler": {
            "0": {
                "0": 1.604,
                "4": 1.409,
                "8": 1.686,
                "12": 1.703,
                "16": 1.706
            },
            "1": {
                "0": -0.812,
                "4": -1.224,
                "8": 0.171,
                "12": 0.705,
                "16": 0.781
            },
            "2": {
                "0": 1.243,
                "4": 1.435,
                "8": 1.159,
                "12": 1.14,
                "16": 1.137
            }
        }
    },
    "leg_IK_R": {
        "location": {
            "0": {
                "0": 0.11,
                "8": 0.147,
                "12": 0.27,
                "16": 0.379
            },
            "1": {
                "0": 0.305,
                "8": 0.542,
                "12": 0.379,
                "16": 0.542
            },
            "2": {
                "0": -0.01,
                "8": -0.049,
                "12": -0.106,
                "16": -0.001
            }
        }
    },
    "leg_IK_L": {
        "location": {
            "0": {
                "0": -0.071,
                "8": -0.254,
                "12": -0.355,
                "16": -0.367
            },
            "1": {
                "0": 0.0,
                "8": 0.556,
                "12": 0.95,
                "16": 0.556
            },
            "2": {
                "0": -0.006,
                "8": -0.002,
                "12": 0.091,
                "16": -0.204
            }
        }
    },
    "arm_IK_L": {
        "location": {
            "0": {
                "0": -0.376,
                "4": -0.327,
                "8": -0.073,
                "12": 0.342,
                "16": 0.185
            },
            "1": {
                "0": -0.139,
                "4": -0.246,
                "8": -0.407,
                "12": -0.126,
                "16": 0.163
            },
            "2": {
                "0": -0.219,
                "4": -0.026,
                "8": 0.486,
                "12": 0.297,
                "16": 0.414
            }
        }
    },
    "arm_IK_R": {
        "location": {
            "0": {
                "0": -0.304,
                "4": 0.291,
                "8": 0.153,
                "12": 0.11,
                "16": 0.137
            },
            "1": {
                "0": 0.283,
                "4": 0.038,
                "8": -0.475,
                "12": -0.439,
                "16": 0.206
            },
            "2": {
                "0": 0.241,
                "4": 0.212,
                "8": 0.562,
                "12": 0.527,
                "16": 0.449
            }
        }
    },
    "spine01": {
        "rotation_euler": {
            "0": {
                "0": -0.124,
                "12": -0.124,
                "16": -0.124
            },
            "1": {
                "0": -0.0,
                "12": -0.0,
                "16": -0.0
            },
            "2": {
                "0": 0.0,
                "12": 0.0,
                "16": 0.0
            }
        }
    },
    "spine02": {
        "rotation_euler": {
            "0": {
                "0": 0.116,
                "12": 0.116,
                "16": 0.116
            },
            "1": {
                "0": -0.0,
                "12": -0.0,
                "16": -0.0
            },
            "2": {
                "0": -0.0,
                "12": -0.0,
                "16": -0.0
            }
        }
    },
    "spine03": {
        "rotation_euler": {
            "0": {
                "0": 0.069,
                "12": 0.069,
                "16": 0.069
            },
            "1": {
                "0": 0.0,
                "12": 0.0,
                "16": 0.0
            },
            "2": {
                "0": -0.0,
                "12": -0.0,
                "16": -0.0
            }
        }
    },
    "clavicle_L": {
        "rotation_euler": {
            "0": {
                "0": 0.0,
                "12": 0.0,
                "16": 0.0
            },
            "1": {
                "0": 0.0,
                "12": 0.0,
                "16": 0.0
            },
            "2": {
                "0": 0.0,
                "12": 0.0,
                "16": 0.0
            }
        }
    },
    "clavicle_R": {
        "rotation_euler": {
            "0": {
                "0": 0.0,
                "12": 0.0,
                "16": 0.0
            },
            "1": {
                "0": 0.0,
                "12": 0.0,
                "16": 0.0
            },
            "2": {
                "0": 0.0,
                "12": 0.0,
                "16": 0.0
            }
        }
    },
    "neck": {
        "rotation_euler": {
            "0": {
                "0": 0.0,
                "12": 0.0,
                "16": 0.0
            },
            "1": {
                "0": 0.0,
                "12": 0.0,
                "16": 0.0
            },
            "2": {
                "0": 0.0,
                "12": 0.0,
                "16": 0.0
            }
        }
    },
    "head": {
        "rotation_euler": {
            "0": {
                "0": 0.0,
                "12": 0.0,
                "16": 0.0
            },
            "1": {
                "0": 0.0,
                "12": 0.0,
                "16": 0.0
            },
            "2": {
                "0": 0.0,
                "12": 0.0,
                "16": 0.0
            }
        }
    },
    "toes_R": {
        "rotation_euler": {
            "0": {
                "0": 0.0,
                "8": 0.0,
                "12": -0.842,
                "16": -0.648
            },
            "1": {
                "0": 0.0,
                "8": 0.0,
                "12": 0.116,
                "16": 0.094
            },
            "2": {
                "0": 0.0,
                "8": 0.0,
                "12": -0.018,
                "16": 0.003
            }
        }
    },
    "toes_L": {
        "rotation_euler": {
            "0": {
                "0": 0.545,
                "8": -0.258,
                "12": -0.258,
                "16": -0.258
            },
            "1": {
                "0": -0.087,
                "8": 0.034,
                "12": 0.034,
                "16": 0.034
            },
            "2": {
                "0": 0.031,
                "8": -0.026,
                "12": -0.026,
                "16": -0.026
            }
        }
    }
}