{
    "root": {
        "location": {
            "0": {
                "0": 0.0,
                "6": 0.0,
                "12": 0.0
            },
            "1": {
                "0": 0.0,
                "6": 0.193,
                "12": 0.513
            },
            "2": {
                "0": 0.0,
                "6": 0.0,
                "12": 0.0
            }
        },
        "rotation_euler": {
            "0": {
                "0": 0.0,
                "6": 0.0,
                "12": 0.0
            },
            "1": {
                "0": 0.0,
                "6": 0.0,
                "12": 0.0
            },
            "2": {
                "0": 0.0,
                "6": 0.0,
                "12": 0.0
            }
        }
    },
    "pelvis": {
        "location": {
            "0": {
                "0": 0.0,
                "6": 0.0,
                "12": 0.0
            },
            "1": {
                "0": -0.127,
                "6": -0.108,
                "12": 0.0
            },
            "2": {
                "0": 0.038,
                "6": 0.153,
                "12": 0.0
            }
        },
        "rotation_euler": {
            "0": {
                "0": 0.201,
                "6": 0.125,
                "12": 0.0
            },
            "1": {
                "0": 0.0,
                "6": 0.0,
                "12": 0.0
            },
            "2": {
                "0": -0.0,
                "6": 0.0,
                "12": 0.0
            }
        }
    },
    "foot_IK_R": {
        "location": {
            "0": {
                "0": -0.11,
                "6": -0.11,
                "12": -0.109
            },
            "1": {
                "0": -0.475,
                "6": -0.296,
                "12": 0.0
            },
            "2": {
                "0": 0.0,
                "6": -0.002,
                "12": -0.006
            }
        },
        "rotation_euler": {
            "0": {
                "0": 0.608,
                "6": 0.062,
                "12": 0.0
            },
            "1": {
                "0": -0.025,
                "6": -0.006,
                "12": 0.0
            },
            "2": {
                "0": 0.081,
                "6": 0.009,
                "12": 0.0
            }
        }
    },
    "foot_IK_L": {
        "location": {
            "0": {
                "0": 0.099,
                "6": 0.091,
                "12": 0.11
            },
            "1": {
                "0": 0.298,
                "6": -0.297,
                "12": 0.0
            },
            "2": {
                "0": -0.082,
                "6": -0.138,
                "12": -0.005
            }
        },
        "rotation_euler": {
            "0": {
                "0": -0.582,
                "6": -0.363,
                "12": 0.0
            },
            "1": {
                "0": 0.023,
                "6": 0.014,
                "12": 0.0
            },
            "2": {
                "0": 0.078,
                "6": 0.049,
                "12": 0.0
            }
        }
    },
    "hand_IK_L": {
        "location": {
            "0": {
                "0": -0.242,
                "6": -0.218,
                "12": -0.217
            },
            "1": {
                "0": -0.294,
                "6": -0.378,
                "12": -0.411
            },
            "2": {
                "0": 0.585,
                "6": 0.282,
                "12": 0.021
            }
        },
        "rotation_euler": {
            "0": {
                "0": 1.683,
                "6": 1.042,
                "12": -0.022
            },
            "1": {
                "0": -0.986,
                "6": -0.634,
                "12": -0.05
            },
            "2": {
                "0": -0.728,
                "6": -0.878,
                "12": -1.127
            }
        }
    },
    "hand_IK_R": {
        "location": {
            "0": {
                "0": 0.273,
                "6": 0.218,
                "12": 0.205
            },
            "1": {
                "0": -0.298,
                "6": -0.366,
                "12": -0.409
            },
            "2": {
                "0": -0.232,
                "6": 0.165,
                "12": 0.02
            }
        },
        "rotation_euler": {
            "0": {
                "0": 1.604,
                "6": 0.992,
                "12": -0.022
            },
            "1": {
                "0": -0.812,
                "6": -0.489,
                "12": 0.048
            },
            "2": {
                "0": 1.243,
                "6": 1.185,
                "12": 1.09
            }
        }
    },
    "leg_IK_R": {
        "location": {
            "0": {
                "0": 0.11,
                "12": -0.052
            },
            "1": {
                "0": 0.305,
                "12": 0.0
            },
            "2": {
                "0": -0.01,
                "12": 0.005
            }
        }
    },
    "leg_IK_L": {
        "location": {
            "0": {
                "0": -0.071,
                "6": -0.02,
                "12": 0.064
            },
            "1": {
                "0": 0.0,
                "6": 0.327,
                "12": 0.0
            },
            "2": {
                "0": -0.006,
                "6": -0.006,
                "12": 0.006
            }
        }
    },
    "arm_IK_L": {
        "location": {
            "0": {
                "0": -0.376,
                "6": -1.503,
                "12": 0.182
            },
            "1": {
                "0": -0.139,
                "6": -0.087,
                "12": -0.001
            },
            "2": {
                "0": -0.219,
                "6": -0.156,
                "12": -0.079
            }
        }
    },
    "arm_IK_R": {
        "location": {
            "0": {
                "0": -0.304,
                "6": 0.683,
                "12": -0.39
            },
            "1": {
                "0": 0.283,
                "6": 0.177,
                "12": 0.0
            },
            "2": {
                "0": 0.241,
                "6": 1.9,
                "12": 0.267
            }
        }
    },
    "spine01": {
        "rotation_euler": {
            "0": {
                "0": -0.124,
                "12": -0.124
            },
            "1": {
                "0": -0.0,
                "12": -0.0
            },
            "2": {
                "0": 0.0,
                "12": 0.0
            }
        }
    },
    "spine02": {
        "rotation_euler": {
            "0": {
                "0": 0.116,
                "12": 0.116
            },
            "1": {
                "0": -0.0,
                "12": -0.0
            },
            "2": {
                "0": -0.0,
                "12": -0.0
            }
        }
    },
    "spine03": {
        "rotation_euler": {
            "0": {
                "0": 0.069,
                "12": 0.069
            },
            "1": {
                "0": 0.0,
                "12": 0.0
            },
            "2": {
                "0": -0.0,
                "12": -0.0
            }
        }
    },
    "clavicle_L": {
        "rotation_euler": {
            "0": {
                "0": 0.0,
                "12": 0.0
            },
            "1": {
                "0": 0.0,
                "12": 0.0
            },
            "2": {
                "0": 0.0,
                "12": 0.0
            }
        }
    },
    "clavicle_R": {
        "rotation_euler": {
            "0": {
                "0": 0.0,
                "12": 0.0
            },
            "1": {
                "0": 0.0,
                "12": 0.0
            },
            "2": {
                "0": 0.0,
                "12": 0.0
            }
        }
    },
    "neck": {
        "rotation_euler": {
            "0": {
                "0": 0.0,
                "12": 0.0
            },
            "1": {
                "0": 0.0,
                "12": 0.0
            },
            "2": {
                "0": 0.0,
                "12": 0.0
            }
        }
    },
    "head": {
        "rotation_euler": {
            "0": {
                "0": 0.0,
                "12": 0.0
            },
            "1": {
                "0": 0.0,
                "12": 0.0
            },
            "2": {
                "0": 0.0,
                "12": 0.0
            }
        }
    },
    "toes_R": {
        "rotation_euler": {
            "0": {
                "0": 0.0,
                "12": 0.0
            },
            "1": {
                "0": 0.0,
                "12": 0.0
            },
            "2": {
                "0": 0.0,
                "12": 0.0
            }
        }
    },
    "toes_L": {
        "rotation_euler": {
            "0": {
                "0": 0.545,
                "12": 0.013
            },
            "1": {
                "0": -0.087,
                "12": -0.001
            },
            "2": {
                "0": 0.031,
                "12": 0.004
            }
        }
    }
}