{
    "root": {
        "location": {
            "0": {
                "0": 0.0,
                "6": 0.0,
                "12": 0.0
            },
            "1": {
                "0": 0.0,
                "6": 0.193,
                "12": 0.513
            },
            "2": {
                "0": 0.0,
                "6": 0.0,
                "12": 0.0
            }
        },
        "rotation_euler": {
            "0": {
                "0": 0.0,
                "6": 0.0,
                "12": 0.0
            },
            "1": {
                "0": 0.0,
                "6": 0.0,
                "12": 0.0
            },
            "2": {
                "0": 0.0,
                "6": 0.0,
                "12": 0.0
            }
        }
    },
    "pelvis": {
        "location": {
            "0": {
                "0": 0.0,
                "6": 0.0,
                "12": 0.0
            },
            "1": {
                "0": -0.122,
                "6": -0.108,
                "12": 0.0
            },
            "2": {
                "0": 0.021,
                "6": 0.153,
                "12": 0.0
            }
        },
        "rotation_euler": {
            "0": {
                "0": 0.201,
                "6": 0.125,
                "12": 0.0
            },
            "1": {
                "0": 0.0,
                "6": 0.0,
                "12": 0.0
            },
            "2": {
                "0": 0.0,
                "6": 0.0,
                "12": 0.0
            }
        }
    },
    "foot_IK_R": {
        "location": {
            "0": {
                "0": -0.097,
                "6": -0.081,
                "12": -0.109
            },
            "1": {
                "0": 0.349,
                "6": -0.364,
                "12": 0.0
            },
            "2": {
                "0": -0.09,
                "6": -0.207,
                "12": -0.006
            }
        },
        "rotation_euler": {
            "0": {
                "0": -0.643,
                "6": 0.062,
                "12": 0.0
            },
            "1": {
                "0": -0.028,
                "6": -0.006,
                "12": 0.0
            },
            "2": {
                "0": -0.085,
                "6": 0.009,
                "12": 0.0
            }
        }
    },
    "foot_IK_L": {
        "location": {
            "0": {
                "0": 0.11,
                "6": 0.108,
                "12": 0.11
            },
            "1": {
                "0": -0.467,
                "6": -0.327,
                "12": 0.0
            },
            "2": {
                "0": -0.006,
                "6": -0.017,
                "12": -0.005
            }
        },
        "rotation_euler": {
            "0": {
                "0": 0.666,
                "6": 0.021,
                "12": 0.0
            },
            "1": {
                "0": 0.03,
                "6": 0.005,
                "12": 0.0
            },
            "2": {
                "0": -0.088,
                "6": -0.002,
                "12": 0.0
            }
        }
    },
    "hand_IK_L": {
        "location": {
            "0": {
                "0": -0.27,
                "6": -0.218,
                "12": -0.217
            },
            "1": {
                "0": -0.332,
                "6": -0.378,
                "12": -0.411
            },
            "2": {
                "0": -0.233,
                "6": 0.282,
                "12": 0.021
            }
        },
        "rotation_euler": {
            "0": {
                "0": 2.181,
                "6": 1.042,
                "12": -0.022
            },
            "1": {
                "0": 0.926,
                "6": -0.634,
                "12": -0.05
            },
            "2": {
                "0": -0.905,
                "6": -0.878,
                "12": -1.127
            }
        }
    },
    "hand_IK_R": {
        "location": {
            "0": {
                "0": 0.205,
                "6": 0.218,
                "12": 0.205
            },
            "1": {
                "0": -0.35,
                "6": -0.366,
                "12": -0.409
            },
            "2": {
                "0": 0.54,
                "6": 0.165,
                "12": 0.02
            }
        },
        "rotation_euler": {
            "0": {
                "0": 1.706,
                "6": 0.992,
                "12": -0.022
            },
            "1": {
                "0": 0.781,
                "6": -0.489,
                "12": 0.048
            },
            "2": {
                "0": 1.137,
                "6": 1.185,
                "12": 1.09
            }
        }
    },
    "leg_IK_R": {
        "location": {
            "0": {
                "0": 0.379,
                "6": 0.173,
                "12": -0.052
            },
            "1": {
                "0": 0.542,
                "6": 0.518,
                "12": 0.0
            },
            "2": {
                "0": -0.001,
                "6": 0.113,
                "12": 0.005
            }
        }
    },
    "leg_IK_L": {
        "location": {
            "0": {
                "0": -0.367,
                "6": -0.02,
                "12": 0.064
            },
            "1": {
                "0": 0.556,
                "6": 0.327,
                "12": 0.0
            },
            "2": {
                "0": -0.204,
                "6": -0.006,
                "12": 0.006
            }
        }
    },
    "arm_IK_L": {
        "location": {
            "0": {
                "0": 0.185,
                "6": -1.503,
                "12": 0.182
            },
            "1": {
                "0": 0.163,
                "6": -0.087,
                "12": -0.001
            },
            "2": {
                "0": 0.414,
                "6": -0.156,
                "12": -0.079
            }
        }
    },
    "arm_IK_R": {
        "location": {
            "0": {
                "0": 0.137,
                "6": 0.683,
                "12": -0.39
            },
            "1": {
                "0": 0.206,
                "6": 0.177,
                "12": 0.0
            },
            "2": {
                "0": 0.449,
                "6": 1.9,
                "12": 0.267
            }
        }
    },
    "spine01": {
        "rotation_euler": {
            "0": {
                "0": -0.124,
                "12": -0.124
            },
            "1": {
                "0": 0.0,
                "12": -0.0
            },
            "2": {
                "0": 0.0,
                "12": 0.0
            }
        }
    },
    "spine02": {
        "rotation_euler": {
            "0": {
                "0": 0.116,
                "12": 0.116
            },
            "1": {
                "0": 0.0,
                "12": -0.0
            },
            "2": {
                "0": 0.0,
                "12": -0.0
            }
        }
    },
    "spine03": {
        "rotation_euler": {
            "0": {
                "0": 0.069,
                "12": 0.069
            },
            "1": {
                "0": 0.0,
                "12": 0.0
            },
            "2": {
                "0": 0.0,
                "12": -0.0
            }
        }
    },
    "clavicle_L": {
        "rotation_euler": {
            "0": {
                "0": 0.0,
                "12": 0.0
            },
            "1": {
                "0": 0.0,
                "12": 0.0
            },
            "2": {
                "0": 0.0,
                "12": 0.0
            }
        }
    },
    "clavicle_R": {
        "rotation_euler": {
            "0": {
                "0": 0.0,
                "12": 0.0
            },
            "1": {
                "0": 0.0,
                "12": 0.0
            },
            "2": {
                "0": 0.0,
                "12": 0.0
            }
        }
    },
    "neck": {
        "rotation_euler": {
            "0": {
                "0": 0.0,
                "12": 0.0
            },
            "1": {
                "0": 0.0,
                "12": 0.0
            },
            "2": {
                "0": 0.0,
                "12": 0.0
            }
        }
    },
    "head": {
        "rotation_euler": {
            "0": {
                "0": 0.0,
                "12": 0.0
            },
            "1": {
                "0": 0.0,
                "12": 0.0
            },
            "2": {
                "0": 0.0,
                "12": 0.0
            }
        }
    },
    "toes_R": {
        "rotation_euler": {
            "0": {
                "0": -0.648,
                "12": 0.0
            },
            "1": {
                "0": 0.094,
                "12": 0.0
            },
            "2": {
                "0": 0.003,
                "12": 0.0
            }
        }
    },
    "toes_L": {
        "rotation_euler": {
            "0": {
                "0": -0.258,
                "12": 0.013
            },
            "1": {
                "0": 0.034,
                "12": -0.001
            },
            "2": {
                "0": -0.026,
                "12": 0.004
            }
        }
    }
}