{
    "pelvis": {
        "location": {
            "x": 0.0,
            "y": 0.0,
            "z": 0.0
        },
        "rotation": {
            "x": 0.0,
            "y": 0.0,
            "z": 0.0
        }
    },
    "thigh_R": {
        "rotation": {
            "x": 0.0,
            "y": 0.0,
            "z": 0.0
        }
    },
    "calf_R": {
        "rotation": {
            "x": 0.0,
            "y": 0.0,
            "z": 0.0
        }
    },
    "thigh_L": {
        "rotation": {
            "x": 0.0,
            "y": 0.0,
            "z": 0.0
        }
    },
    "calf_L": {
        "rotation": {
            "x": 0.0,
            "y": 0.0,
            "z": 0.0
        }
    },
    "spine01": {
        "rotation": {
            "x": -0.124,
            "y": -0.0,
            "z": 0.0
        }
    },
    "spine02": {
        "rotation": {
            "x": 0.116,
            "y": -0.0,
            "z": -0.0
        }
    },
    "spine03": {
        "rotation": {
            "x": 0.069,
            "y": 0.0,
            "z": -0.0
        }
    },
    "clavicle_L": {
        "rotation": {
            "x": 0.0,
            "y": 0.0,
            "z": 0.0
        }
    },
    "upperarm_L": {
        "rotation": {
            "x": 0.0,
            "y": 0.0,
            "z": 0.0
        }
    },
    "lowerarm_L": {
        "rotation": {
            "x": 0.0,
            "y": 0.0,
            "z": 0.0
        }
    },
    "clavicle_R": {
        "rotation": {
            "x": 0.0,
            "y": 0.0,
            "z": 0.0
        }
    },
    "upperarm_R": {
        "rotation": {
            "x": 0.0,
            "y": 0.0,
            "z": 0.0
        }
    },
    "lowerarm_R": {
        "rotation": {
            "x": 0.0,
            "y": 0.0,
            "z": 0.0
        }
    },
    "neck": {
        "rotation": {
            "x": 0.0,
            "y": 0.0,
            "z": 0.0
        }
    },
    "head": {
        "rotation": {
            "x": 0.0,
            "y": 0.0,
            "z": 0.0
        }
    },
    "foot_IK_R": {
        "location": {
            "x": -0.109,
            "y": 0.0,
            "z": -0.006
        },
        "rotation": {
            "x": 0.0,
            "y": 0.0,
            "z": 0.0
        }
    },
    "foot_R": {
        "rotation": {
            "x": 0.0,
            "y": 0.0,
            "z": 0.0
        }
    },
    "toes_R": {
        "rotation": {
            "x": 0.0,
            "y": 0.0,
            "z": 0.0
        }
    },
    "foot_IK_L": {
        "location": {
            "x": 0.11,
            "y": 0.0,
            "z": -0.005
        },
        "rotation": {
            "x": 0.0,
            "y": 0.0,
            "z": 0.0
        }
    },
    "foot_L": {
        "rotation": {
            "x": 0.0,
            "y": 0.0,
            "z": 0.0
        }
    },
    "toes_L": {
        "rotation": {
            "x": 0.013,
            "y": -0.001,
            "z": 0.004
        }
    },
    "leg_IK_R": {
        "location": {
            "x": -0.052,
            "y": 0.0,
            "z": 0.005
        },
        "rotation": {
            "x": 0.0,
            "y": 0.0,
            "z": 0.0
        }
    },
    "leg_IK_L": {
        "location": {
            "x": 0.064,
            "y": 0.0,
            "z": 0.006
        },
        "rotation": {
            "x": 0.0,
            "y": 0.0,
            "z": 0.0
        }
    },
    "arm_IK_L": {
        "location": {
            "x": 0.182,
            "y": -0.001,
            "z": -0.079
        },
        "rotation": {
            "x": 0.0,
            "y": 0.0,
            "z": 0.0
        }
    },
    "arm_IK_R": {
        "location": {
            "x": -0.39,
            "y": 0.0,
            "z": 0.267
        },
        "rotation": {
            "x": 0.0,
            "y": 0.0,
            "z": 0.0
        }
    },
    "hand_IK_L": {
        "location": {
            "x": -0.217,
            "y": -0.411,
            "z": 0.021
        },
        "rotation": {
            "x": -0.022,
            "y": -0.05,
            "z": -1.127
        }
    },
    "hand_L": {
        "rotation": {
            "x": 0.0,
            "y": 0.0,
            "z": 0.0
        }
    },
    "thumb01_L": {
        "rotation": {
            "x": 0.0,
            "y": 0.0,
            "z": 0.0
        }
    },
    "thumb02_L": {
        "rotation": {
            "x": 0.0,
            "y": 0.0,
            "z": 0.0
        }
    },
    "thumb03_L": {
        "rotation": {
            "x": 0.0,
            "y": 0.0,
            "z": 0.0
        }
    },
    "index00_L": {
        "rotation": {
            "x": 0.0,
            "y": 0.0,
            "z": 0.0
        }
    },
    "index01_L": {
        "rotation": {
            "x": 0.0,
            "y": 0.0,
            "z": 0.0
        }
    },
    "index02_L": {
        "rotation": {
            "x": 0.0,
            "y": 0.0,
            "z": 0.0
        }
    },
    "index03_L": {
        "rotation": {
            "x": 0.0,
            "y": 0.0,
            "z": 0.0
        }
    },
    "middle00_L": {
        "rotation": {
            "x": 0.0,
            "y": 0.0,
            "z": 0.0
        }
    },
    "middle01_L": {
        "rotation": {
            "x": 0.0,
            "y": 0.0,
            "z": 0.0
        }
    },
    "middle02_L": {
        "rotation": {
            "x": 0.0,
            "y": 0.0,
            "z": 0.0
        }
    },
    "middle03_L": {
        "rotation": {
            "x": 0.0,
            "y": 0.0,
            "z": 0.0
        }
    },
    "ring00_L": {
        "rotation": {
            "x": 0.0,
            "y": 0.0,
            "z": 0.0
        }
    },
    "ring01_L": {
        "rotation": {
            "x": 0.0,
            "y": 0.0,
            "z": 0.0
        }
    },
    "ring02_L": {
        "rotation": {
            "x": 0.0,
            "y": 0.0,
            "z": 0.0
        }
    },
    "ring03_L": {
        "rotation": {
            "x": 0.0,
            "y": 0.0,
            "z": 0.0
        }
    },
    "pinky00_L": {
        "rotation": {
            "x": 0.0,
            "y": 0.0,
            "z": 0.0
        }
    },
    "pinky01_L": {
        "rotation": {
            "x": 0.0,
            "y": 0.0,
            "z": 0.0
        }
    },
    "pinky02_L": {
        "rotation": {
            "x": 0.0,
            "y": 0.0,
            "z": 0.0
        }
    },
    "pinky03_L": {
        "rotation": {
            "x": 0.0,
            "y": 0.0,
            "z": 0.0
        }
    },
    "hand_IK_R": {
        "location": {
            "x": 0.205,
            "y": -0.409,
            "z": 0.02
        },
        "rotation": {
            "x": -0.022,
            "y": 0.048,
            "z": 1.09
        }
    },
    "hand_R": {
        "rotation": {
            "x": 0.0,
            "y": 0.0,
            "z": 0.0
        }
    },
    "thumb01_R": {
        "rotation": {
            "x": 0.0,
            "y": 0.0,
            "z": 0.0
        }
    },
    "thumb02_R": {
        "rotation": {
            "x": 0.0,
            "y": 0.0,
            "z": 0.0
        }
    },
    "thumb03_R": {
        "rotation": {
            "x": 0.0,
            "y": 0.0,
            "z": 0.0
        }
    },
    "index00_R": {
        "rotation": {
            "x": 0.0,
            "y": 0.0,
            "z": 0.0
        }
    },
    "index01_R": {
        "rotation": {
            "x": 0.0,
            "y": 0.0,
            "z": 0.0
        }
    },
    "index02_R": {
        "rotation": {
            "x": 0.0,
            "y": 0.0,
            "z": 0.0
        }
    },
    "index03_R": {
        "rotation": {
            "x": 0.0,
            "y": 0.0,
            "z": 0.0
        }
    },
    "middle00_R": {
        "rotation": {
            "x": 0.0,
            "y": 0.0,
            "z": 0.0
        }
    },
    "middle01_R": {
        "rotation": {
            "x": 0.0,
            "y": 0.0,
            "z": 0.0
        }
    },
    "middle02_R": {
        "rotation": {
            "x": 0.0,
            "y": 0.0,
            "z": 0.0
        }
    },
    "middle03_R": {
        "rotation": {
            "x": 0.0,
            "y": 0.0,
            "z": 0.0
        }
    },
    "ring00_R": {
        "rotation": {
            "x": 0.0,
            "y": 0.0,
            "z": 0.0
        }
    },
    "ring01_R": {
        "rotation": {
            "x": 0.0,
            "y": 0.0,
            "z": 0.0
        }
    },
    "ring02_R": {
        "rotation": {
            "x": 0.0,
            "y": 0.0,
            "z": 0.0
        }
    },
    "ring03_R": {
        "rotation": {
            "x": 0.0,
            "y": 0.0,
            "z": 0.0
        }
    },
    "pinky00_R": {
        "rotation": {
            "x": 0.0,
            "y": 0.0,
            "z": 0.0
        }
    },
    "pinky01_R": {
        "rotation": {
            "x": 0.0,
            "y": 0.0,
            "z": 0.0
        }
    },
    "pinky02_R": {
        "rotation": {
            "x": 0.0,
            "y": 0.0,
            "z": 0.0
        }
    },
    "pinky03_R": {
        "rotation": {
            "x": 0.0,
            "y": 0.0,
            "z": 0.0
        }
    }
}