{
    "pelvis": {
        "location": {
            "x": 0.0,
            "y": -0.063,
            "z": 0.019
        },
        "rotation": {
            "x": 0.1,
            "y": 0.0,
            "z": 0.0
        }
    },
    "thigh_R": {
        "rotation": {
            "x": 0.0,
            "y": 0.0,
            "z": 0.0
        }
    },
    "calf_R": {
        "rotation": {
            "x": 0.0,
            "y": 0.0,
            "z": 0.0
        }
    },
    "thigh_L": {
        "rotation": {
            "x": 0.0,
            "y": 0.0,
            "z": 0.0
        }
    },
    "calf_L": {
        "rotation": {
            "x": 0.0,
            "y": 0.0,
            "z": 0.0
        }
    },
    "spine01": {
        "rotation": {
            "x": -0.124,
            "y": -0.0,
            "z": 0.0
        }
    },
    "spine02": {
        "rotation": {
            "x": 0.116,
            "y": -0.0,
            "z": -0.0
        }
    },
    "spine03": {
        "rotation": {
            "x": 0.069,
            "y": 0.0,
            "z": -0.0
        }
    },
    "clavicle_L": {
        "rotation": {
            "x": 0.0,
            "y": 0.0,
            "z": 0.0
        }
    },
    "upperarm_L": {
        "rotation": {
            "x": 0.0,
            "y": 0.0,
            "z": 0.0
        }
    },
    "lowerarm_L": {
        "rotation": {
            "x": 0.0,
            "y": 0.0,
            "z": 0.0
        }
    },
    "clavicle_R": {
        "rotation": {
            "x": 0.0,
            "y": 0.0,
            "z": 0.0
        }
    },
    "upperarm_R": {
        "rotation": {
            "x": 0.0,
            "y": 0.0,
            "z": 0.0
        }
    },
    "lowerarm_R": {
        "rotation": {
            "x": 0.0,
            "y": 0.0,
            "z": 0.0
        }
    },
    "neck": {
        "rotation": {
            "x": 0.0,
            "y": 0.0,
            "z": 0.0
        }
    },
    "head": {
        "rotation": {
            "x": 0.0,
            "y": 0.0,
            "z": 0.0
        }
    },
    "foot_IK_R": {
        "location": {
            "x": -0.087,
            "y": -0.237,
            "z": -0.16
        },
        "rotation": {
            "x": 0.045,
            "y": -0.007,
            "z": 0.006
        }
    },
    "foot_R": {
        "rotation": {
            "x": 0.0,
            "y": 0.0,
            "z": 0.0
        }
    },
    "toes_R": {
        "rotation": {
            "x": 0.0,
            "y": 0.0,
            "z": 0.0
        }
    },
    "foot_IK_L": {
        "location": {
            "x": 0.107,
            "y": 0.177,
            "z": -0.024
        },
        "rotation": {
            "x": -0.08,
            "y": 0.006,
            "z": 0.011
        }
    },
    "foot_L": {
        "rotation": {
            "x": 0.0,
            "y": 0.0,
            "z": 0.0
        }
    },
    "toes_L": {
        "rotation": {
            "x": 0.123,
            "y": -0.02,
            "z": 0.009
        }
    },
    "leg_IK_R": {
        "location": {
            "x": 0.076,
            "y": 0.152,
            "z": -0.007
        },
        "rotation": {
            "x": 0.0,
            "y": 0.0,
            "z": 0.0
        }
    },
    "leg_IK_L": {
        "location": {
            "x": -0.057,
            "y": 0.0,
            "z": -0.005
        },
        "rotation": {
            "x": 0.0,
            "y": 0.0,
            "z": 0.0
        }
    },
    "arm_IK_L": {
        "location": {
            "x": -0.097,
            "y": -0.07,
            "z": -0.149
        },
        "rotation": {
            "x": 0.0,
            "y": 0.0,
            "z": 0.0
        }
    },
    "arm_IK_R": {
        "location": {
            "x": -0.347,
            "y": 0.141,
            "z": 0.254
        },
        "rotation": {
            "x": 0.0,
            "y": 0.0,
            "z": 0.0
        }
    },
    "hand_IK_L": {
        "location": {
            "x": -0.229,
            "y": -0.353,
            "z": 0.303
        },
        "rotation": {
            "x": 0.83,
            "y": -0.518,
            "z": -0.928
        }
    },
    "hand_L": {
        "rotation": {
            "x": 0.0,
            "y": 0.0,
            "z": 0.0
        }
    },
    "thumb01_L": {
        "rotation": {
            "x": 0.0,
            "y": 0.0,
            "z": 0.0
        }
    },
    "thumb02_L": {
        "rotation": {
            "x": 0.0,
            "y": 0.0,
            "z": 0.0
        }
    },
    "thumb03_L": {
        "rotation": {
            "x": 0.0,
            "y": 0.0,
            "z": 0.0
        }
    },
    "index00_L": {
        "rotation": {
            "x": 0.0,
            "y": 0.0,
            "z": 0.0
        }
    },
    "index01_L": {
        "rotation": {
            "x": 0.0,
            "y": 0.0,
            "z": 0.0
        }
    },
    "index02_L": {
        "rotation": {
            "x": 0.0,
            "y": 0.0,
            "z": 0.0
        }
    },
    "index03_L": {
        "rotation": {
            "x": 0.0,
            "y": 0.0,
            "z": 0.0
        }
    },
    "middle00_L": {
        "rotation": {
            "x": 0.0,
            "y": 0.0,
            "z": 0.0
        }
    },
    "middle01_L": {
        "rotation": {
            "x": 0.0,
            "y": 0.0,
            "z": 0.0
        }
    },
    "middle02_L": {
        "rotation": {
            "x": 0.0,
            "y": 0.0,
            "z": 0.0
        }
    },
    "middle03_L": {
        "rotation": {
            "x": 0.0,
            "y": 0.0,
            "z": 0.0
        }
    },
    "ring00_L": {
        "rotation": {
            "x": 0.0,
            "y": 0.0,
            "z": 0.0
        }
    },
    "ring01_L": {
        "rotation": {
            "x": 0.0,
            "y": 0.0,
            "z": 0.0
        }
    },
    "ring02_L": {
        "rotation": {
            "x": 0.0,
            "y": 0.0,
            "z": 0.0
        }
    },
    "ring03_L": {
        "rotation": {
            "x": 0.0,
            "y": 0.0,
            "z": 0.0
        }
    },
    "pinky00_L": {
        "rotation": {
            "x": 0.0,
            "y": 0.0,
            "z": 0.0
        }
    },
    "pinky01_L": {
        "rotation": {
            "x": 0.0,
            "y": 0.0,
            "z": 0.0
        }
    },
    "pinky02_L": {
        "rotation": {
            "x": 0.0,
            "y": 0.0,
            "z": 0.0
        }
    },
    "pinky03_L": {
        "rotation": {
            "x": 0.0,
            "y": 0.0,
            "z": 0.0
        }
    },
    "hand_IK_R": {
        "location": {
            "x": 0.239,
            "y": -0.354,
            "z": -0.106
        },
        "rotation": {
            "x": 0.791,
            "y": -0.382,
            "z": 1.167
        }
    },
    "hand_R": {
        "rotation": {
            "x": 0.0,
            "y": 0.0,
            "z": 0.0
        }
    },
    "thumb01_R": {
        "rotation": {
            "x": 0.0,
            "y": 0.0,
            "z": 0.0
        }
    },
    "thumb02_R": {
        "rotation": {
            "x": 0.0,
            "y": 0.0,
            "z": 0.0
        }
    },
    "thumb03_R": {
        "rotation": {
            "x": 0.0,
            "y": 0.0,
            "z": 0.0
        }
    },
    "index00_R": {
        "rotation": {
            "x": 0.0,
            "y": 0.0,
            "z": 0.0
        }
    },
    "index01_R": {
        "rotation": {
            "x": 0.0,
            "y": 0.0,
            "z": 0.0
        }
    },
    "index02_R": {
        "rotation": {
            "x": 0.0,
            "y": 0.0,
            "z": 0.0
        }
    },
    "index03_R": {
        "rotation": {
            "x": 0.0,
            "y": 0.0,
            "z": 0.0
        }
    },
    "middle00_R": {
        "rotation": {
            "x": 0.0,
            "y": 0.0,
            "z": 0.0
        }
    },
    "middle01_R": {
        "rotation": {
            "x": 0.0,
            "y": 0.0,
            "z": 0.0
        }
    },
    "middle02_R": {
        "rotation": {
            "x": 0.0,
            "y": 0.0,
            "z": 0.0
        }
    },
    "middle03_R": {
        "rotation": {
            "x": 0.0,
            "y": 0.0,
            "z": 0.0
        }
    },
    "ring00_R": {
        "rotation": {
            "x": 0.0,
            "y": 0.0,
            "z": 0.0
        }
    },
    "ring01_R": {
        "rotation": {
            "x": 0.0,
            "y": 0.0,
            "z": 0.0
        }
    },
    "ring02_R": {
        "rotation": {
            "x": 0.0,
            "y": 0.0,
            "z": 0.0
        }
    },
    "ring03_R": {
        "rotation": {
            "x": 0.0,
            "y": 0.0,
            "z": 0.0
        }
    },
    "pinky00_R": {
        "rotation": {
            "x": 0.0,
            "y": 0.0,
            "z": 0.0
        }
    },
    "pinky01_R": {
        "rotation": {
            "x": 0.0,
            "y": 0.0,
            "z": 0.0
        }
    },
    "pinky02_R": {
        "rotation": {
            "x": 0.0,
            "y": 0.0,
            "z": 0.0
        }
    },
    "pinky03_R": {
        "rotation": {
            "x": 0.0,
            "y": 0.0,
            "z": 0.0
        }
    }
}