{
    "pelvis": {
        "location": {
            "x": 0.0,
            "y": -0.122,
            "z": 0.021
        },
        "rotation": {
            "x": 0.201,
            "y": 0.0,
            "z": -0.0
        }
    },
    "thigh_R": {
        "rotation": {
            "x": 0.0,
            "y": 0.0,
            "z": 0.0
        }
    },
    "calf_R": {
        "rotation": {
            "x": 0.0,
            "y": 0.0,
            "z": 0.0
        }
    },
    "thigh_L": {
        "rotation": {
            "x": 0.0,
            "y": 0.0,
            "z": 0.0
        }
    },
    "calf_L": {
        "rotation": {
            "x": 0.0,
            "y": 0.0,
            "z": 0.0
        }
    },
    "spine01": {
        "rotation": {
            "x": -0.124,
            "y": -0.0,
            "z": 0.0
        }
    },
    "spine02": {
        "rotation": {
            "x": 0.116,
            "y": -0.0,
            "z": -0.0
        }
    },
    "spine03": {
        "rotation": {
            "x": 0.069,
            "y": 0.0,
            "z": -0.0
        }
    },
    "clavicle_L": {
        "rotation": {
            "x": 0.0,
            "y": 0.0,
            "z": 0.0
        }
    },
    "upperarm_L": {
        "rotation": {
            "x": 0.0,
            "y": 0.0,
            "z": 0.0
        }
    },
    "lowerarm_L": {
        "rotation": {
            "x": 0.0,
            "y": 0.0,
            "z": 0.0
        }
    },
    "clavicle_R": {
        "rotation": {
            "x": 0.0,
            "y": 0.0,
            "z": 0.0
        }
    },
    "upperarm_R": {
        "rotation": {
            "x": 0.0,
            "y": 0.0,
            "z": 0.0
        }
    },
    "lowerarm_R": {
        "rotation": {
            "x": 0.0,
            "y": 0.0,
            "z": 0.0
        }
    },
    "neck": {
        "rotation": {
            "x": 0.0,
            "y": 0.0,
            "z": 0.0
        }
    },
    "head": {
        "rotation": {
            "x": 0.0,
            "y": 0.0,
            "z": 0.0
        }
    },
    "foot_IK_R": {
        "location": {
            "x": -0.097,
            "y": 0.349,
            "z": -0.09
        },
        "rotation": {
            "x": -0.643,
            "y": -0.028,
            "z": -0.085
        }
    },
    "foot_R": {
        "rotation": {
            "x": 0.0,
            "y": 0.0,
            "z": 0.0
        }
    },
    "toes_R": {
        "rotation": {
            "x": -0.648,
            "y": 0.094,
            "z": 0.003
        }
    },
    "foot_IK_L": {
        "location": {
            "x": 0.11,
            "y": -0.467,
            "z": -0.006
        },
        "rotation": {
            "x": 0.666,
            "y": 0.03,
            "z": -0.088
        }
    },
    "foot_L": {
        "rotation": {
            "x": 0.0,
            "y": 0.0,
            "z": 0.0
        }
    },
    "toes_L": {
        "rotation": {
            "x": -0.258,
            "y": 0.034,
            "z": -0.026
        }
    },
    "leg_IK_R": {
        "location": {
            "x": 0.379,
            "y": 0.542,
            "z": -0.001
        },
        "rotation": {
            "x": 0.0,
            "y": 0.0,
            "z": 0.0
        }
    },
    "leg_IK_L": {
        "location": {
            "x": -0.367,
            "y": 0.556,
            "z": -0.204
        },
        "rotation": {
            "x": 0.0,
            "y": 0.0,
            "z": 0.0
        }
    },
    "arm_IK_L": {
        "location": {
            "x": 0.185,
            "y": 0.163,
            "z": 0.414
        },
        "rotation": {
            "x": 0.0,
            "y": 0.0,
            "z": 0.0
        }
    },
    "arm_IK_R": {
        "location": {
            "x": 0.137,
            "y": 0.206,
            "z": 0.449
        },
        "rotation": {
            "x": 0.0,
            "y": 0.0,
            "z": 0.0
        }
    },
    "hand_IK_L": {
        "location": {
            "x": -0.27,
            "y": -0.332,
            "z": -0.233
        },
        "rotation": {
            "x": 2.181,
            "y": 0.926,
            "z": -0.905
        }
    },
    "hand_L": {
        "rotation": {
            "x": 0.0,
            "y": 0.0,
            "z": 0.0
        }
    },
    "thumb01_L": {
        "rotation": {
            "x": 0.0,
            "y": 0.0,
            "z": 0.0
        }
    },
    "thumb02_L": {
        "rotation": {
            "x": 0.0,
            "y": 0.0,
            "z": 0.0
        }
    },
    "thumb03_L": {
        "rotation": {
            "x": 0.0,
            "y": 0.0,
            "z": 0.0
        }
    },
    "index00_L": {
        "rotation": {
            "x": 0.0,
            "y": 0.0,
            "z": 0.0
        }
    },
    "index01_L": {
        "rotation": {
            "x": 0.0,
            "y": 0.0,
            "z": 0.0
        }
    },
    "index02_L": {
        "rotation": {
            "x": 0.0,
            "y": 0.0,
            "z": 0.0
        }
    },
    "index03_L": {
        "rotation": {
            "x": 0.0,
            "y": 0.0,
            "z": 0.0
        }
    },
    "middle00_L": {
        "rotation": {
            "x": 0.0,
            "y": 0.0,
            "z": 0.0
        }
    },
    "middle01_L": {
        "rotation": {
            "x": 0.0,
            "y": 0.0,
            "z": 0.0
        }
    },
    "middle02_L": {
        "rotation": {
            "x": 0.0,
            "y": 0.0,
            "z": 0.0
        }
    },
    "middle03_L": {
        "rotation": {
            "x": 0.0,
            "y": 0.0,
            "z": 0.0
        }
    },
    "ring00_L": {
        "rotation": {
            "x": 0.0,
            "y": 0.0,
            "z": 0.0
        }
    },
    "ring01_L": {
        "rotation": {
            "x": 0.0,
            "y": 0.0,
            "z": 0.0
        }
    },
    "ring02_L": {
        "rotation": {
            "x": 0.0,
            "y": 0.0,
            "z": 0.0
        }
    },
    "ring03_L": {
        "rotation": {
            "x": 0.0,
            "y": 0.0,
            "z": 0.0
        }
    },
    "pinky00_L": {
        "rotation": {
            "x": 0.0,
            "y": 0.0,
            "z": 0.0
        }
    },
    "pinky01_L": {
        "rotation": {
            "x": 0.0,
            "y": 0.0,
            "z": 0.0
        }
    },
    "pinky02_L": {
        "rotation": {
            "x": 0.0,
            "y": 0.0,
            "z": 0.0
        }
    },
    "pinky03_L": {
        "rotation": {
            "x": 0.0,
            "y": 0.0,
            "z": 0.0
        }
    },
    "hand_IK_R": {
        "location": {
            "x": 0.205,
            "y": -0.35,
            "z": 0.54
        },
        "rotation": {
            "x": 1.706,
            "y": 0.781,
            "z": 1.137
        }
    },
    "hand_R": {
        "rotation": {
            "x": 0.0,
            "y": 0.0,
            "z": 0.0
        }
    },
    "thumb01_R": {
        "rotation": {
            "x": 0.0,
            "y": 0.0,
            "z": 0.0
        }
    },
    "thumb02_R": {
        "rotation": {
            "x": 0.0,
            "y": 0.0,
            "z": 0.0
        }
    },
    "thumb03_R": {
        "rotation": {
            "x": 0.0,
            "y": 0.0,
            "z": 0.0
        }
    },
    "index00_R": {
        "rotation": {
            "x": 0.0,
            "y": 0.0,
            "z": 0.0
        }
    },
    "index01_R": {
        "rotation": {
            "x": 0.0,
            "y": 0.0,
            "z": 0.0
        }
    },
    "index02_R": {
        "rotation": {
            "x": 0.0,
            "y": 0.0,
            "z": 0.0
        }
    },
    "index03_R": {
        "rotation": {
            "x": 0.0,
            "y": 0.0,
            "z": 0.0
        }
    },
    "middle00_R": {
        "rotation": {
            "x": 0.0,
            "y": 0.0,
            "z": 0.0
        }
    },
    "middle01_R": {
        "rotation": {
            "x": 0.0,
            "y": 0.0,
            "z": 0.0
        }
    },
    "middle02_R": {
        "rotation": {
            "x": 0.0,
            "y": 0.0,
            "z": 0.0
        }
    },
    "middle03_R": {
        "rotation": {
            "x": 0.0,
            "y": 0.0,
            "z": 0.0
        }
    },
    "ring00_R": {
        "rotation": {
            "x": 0.0,
            "y": 0.0,
            "z": 0.0
        }
    },
    "ring01_R": {
        "rotation": {
            "x": 0.0,
            "y": 0.0,
            "z": 0.0
        }
    },
    "ring02_R": {
        "rotation": {
            "x": 0.0,
            "y": 0.0,
            "z": 0.0
        }
    },
    "ring03_R": {
        "rotation": {
            "x": 0.0,
            "y": 0.0,
            "z": 0.0
        }
    },
    "pinky00_R": {
        "rotation": {
            "x": 0.0,
            "y": 0.0,
            "z": 0.0
        }
    },
    "pinky01_R": {
        "rotation": {
            "x": 0.0,
            "y": 0.0,
            "z": 0.0
        }
    },
    "pinky02_R": {
        "rotation": {
            "x": 0.0,
            "y": 0.0,
            "z": 0.0
        }
    },
    "pinky03_R": {
        "rotation": {
            "x": 0.0,
            "y": 0.0,
            "z": 0.0
        }
    }
}