{
    "pelvis": {
        "location": {
            "x": 0.0,
            "y": -0.127,
            "z": 0.038
        },
        "rotation": {
            "x": 0.201,
            "y": 0.0,
            "z": -0.0
        }
    },
    "thigh_R": {
        "rotation": {
            "x": 0.0,
            "y": 0.0,
            "z": 0.0
        }
    },
    "calf_R": {
        "rotation": {
            "x": 0.0,
            "y": 0.0,
            "z": 0.0
        }
    },
    "thigh_L": {
        "rotation": {
            "x": 0.0,
            "y": 0.0,
            "z": 0.0
        }
    },
    "calf_L": {
        "rotation": {
            "x": 0.0,
            "y": 0.0,
            "z": 0.0
        }
    },
    "spine01": {
        "rotation": {
            "x": -0.124,
            "y": -0.0,
            "z": 0.0
        }
    },
    "spine02": {
        "rotation": {
            "x": 0.116,
            "y": -0.0,
            "z": -0.0
        }
    },
    "spine03": {
        "rotation": {
            "x": 0.069,
            "y": 0.0,
            "z": -0.0
        }
    },
    "clavicle_L": {
        "rotation": {
            "x": 0.0,
            "y": 0.0,
            "z": 0.0
        }
    },
    "upperarm_L": {
        "rotation": {
            "x": 0.0,
            "y": 0.0,
            "z": 0.0
        }
    },
    "lowerarm_L": {
        "rotation": {
            "x": 0.0,
            "y": 0.0,
            "z": 0.0
        }
    },
    "clavicle_R": {
        "rotation": {
            "x": 0.0,
            "y": 0.0,
            "z": 0.0
        }
    },
    "upperarm_R": {
        "rotation": {
            "x": 0.0,
            "y": 0.0,
            "z": 0.0
        }
    },
    "lowerarm_R": {
        "rotation": {
            "x": 0.0,
            "y": 0.0,
            "z": 0.0
        }
    },
    "neck": {
        "rotation": {
            "x": 0.0,
            "y": 0.0,
            "z": 0.0
        }
    },
    "head": {
        "rotation": {
            "x": 0.0,
            "y": 0.0,
            "z": 0.0
        }
    },
    "foot_IK_R": {
        "location": {
            "x": -0.11,
            "y": -0.475,
            "z": 0.0
        },
        "rotation": {
            "x": 0.608,
            "y": -0.025,
            "z": 0.081
        }
    },
    "foot_R": {
        "rotation": {
            "x": 0.0,
            "y": 0.0,
            "z": 0.0
        }
    },
    "toes_R": {
        "rotation": {
            "x": 0.0,
            "y": 0.0,
            "z": 0.0
        }
    },
    "foot_IK_L": {
        "location": {
            "x": 0.099,
            "y": 0.298,
            "z": -0.082
        },
        "rotation": {
            "x": -0.582,
            "y": 0.023,
            "z": 0.078
        }
    },
    "foot_L": {
        "rotation": {
            "x": 0.0,
            "y": 0.0,
            "z": 0.0
        }
    },
    "toes_L": {
        "rotation": {
            "x": 0.545,
            "y": -0.087,
            "z": 0.031
        }
    },
    "leg_IK_R": {
        "location": {
            "x": 0.11,
            "y": 0.305,
            "z": -0.01
        },
        "rotation": {
            "x": 0.0,
            "y": 0.0,
            "z": 0.0
        }
    },
    "leg_IK_L": {
        "location": {
            "x": -0.071,
            "y": 0.0,
            "z": -0.006
        },
        "rotation": {
            "x": 0.0,
            "y": 0.0,
            "z": 0.0
        }
    },
    "arm_IK_L": {
        "location": {
            "x": -0.376,
            "y": -0.139,
            "z": -0.219
        },
        "rotation": {
            "x": 0.0,
            "y": 0.0,
            "z": 0.0
        }
    },
    "arm_IK_R": {
        "location": {
            "x": -0.304,
            "y": 0.283,
            "z": 0.241
        },
        "rotation": {
            "x": 0.0,
            "y": 0.0,
            "z": 0.0
        }
    },
    "hand_IK_L": {
        "location": {
            "x": -0.242,
            "y": -0.294,
            "z": 0.585
        },
        "rotation": {
            "x": 1.683,
            "y": -0.986,
            "z": -0.728
        }
    },
    "hand_L": {
        "rotation": {
            "x": 0.0,
            "y": 0.0,
            "z": 0.0
        }
    },
    "thumb01_L": {
        "rotation": {
            "x": 0.0,
            "y": 0.0,
            "z": 0.0
        }
    },
    "thumb02_L": {
        "rotation": {
            "x": 0.0,
            "y": 0.0,
            "z": 0.0
        }
    },
    "thumb03_L": {
        "rotation": {
            "x": 0.0,
            "y": 0.0,
            "z": 0.0
        }
    },
    "index00_L": {
        "rotation": {
            "x": 0.0,
            "y": 0.0,
            "z": 0.0
        }
    },
    "index01_L": {
        "rotation": {
            "x": 0.0,
            "y": 0.0,
            "z": 0.0
        }
    },
    "index02_L": {
        "rotation": {
            "x": 0.0,
            "y": 0.0,
            "z": 0.0
        }
    },
    "index03_L": {
        "rotation": {
            "x": 0.0,
            "y": 0.0,
            "z": 0.0
        }
    },
    "middle00_L": {
        "rotation": {
            "x": 0.0,
            "y": 0.0,
            "z": 0.0
        }
    },
    "middle01_L": {
        "rotation": {
            "x": 0.0,
            "y": 0.0,
            "z": 0.0
        }
    },
    "middle02_L": {
        "rotation": {
            "x": 0.0,
            "y": 0.0,
            "z": 0.0
        }
    },
    "middle03_L": {
        "rotation": {
            "x": 0.0,
            "y": 0.0,
            "z": 0.0
        }
    },
    "ring00_L": {
        "rotation": {
            "x": 0.0,
            "y": 0.0,
            "z": 0.0
        }
    },
    "ring01_L": {
        "rotation": {
            "x": 0.0,
            "y": 0.0,
            "z": 0.0
        }
    },
    "ring02_L": {
        "rotation": {
            "x": 0.0,
            "y": 0.0,
            "z": 0.0
        }
    },
    "ring03_L": {
        "rotation": {
            "x": 0.0,
            "y": 0.0,
            "z": 0.0
        }
    },
    "pinky00_L": {
        "rotation": {
            "x": 0.0,
            "y": 0.0,
            "z": 0.0
        }
    },
    "pinky01_L": {
        "rotation": {
            "x": 0.0,
            "y": 0.0,
            "z": 0.0
        }
    },
    "pinky02_L": {
        "rotation": {
            "x": 0.0,
            "y": 0.0,
            "z": 0.0
        }
    },
    "pinky03_L": {
        "rotation": {
            "x": 0.0,
            "y": 0.0,
            "z": 0.0
        }
    },
    "hand_IK_R": {
        "location": {
            "x": 0.273,
            "y": -0.298,
            "z": -0.232
        },
        "rotation": {
            "x": 1.604,
            "y": -0.812,
            "z": 1.243
        }
    },
    "hand_R": {
        "rotation": {
            "x": 0.0,
            "y": 0.0,
            "z": 0.0
        }
    },
    "thumb01_R": {
        "rotation": {
            "x": 0.0,
            "y": 0.0,
            "z": 0.0
        }
    },
    "thumb02_R": {
        "rotation": {
            "x": 0.0,
            "y": 0.0,
            "z": 0.0
        }
    },
    "thumb03_R": {
        "rotation": {
            "x": 0.0,
            "y": 0.0,
            "z": 0.0
        }
    },
    "index00_R": {
        "rotation": {
            "x": 0.0,
            "y": 0.0,
            "z": 0.0
        }
    },
    "index01_R": {
        "rotation": {
            "x": 0.0,
            "y": 0.0,
            "z": 0.0
        }
    },
    "index02_R": {
        "rotation": {
            "x": 0.0,
            "y": 0.0,
            "z": 0.0
        }
    },
    "index03_R": {
        "rotation": {
            "x": 0.0,
            "y": 0.0,
            "z": 0.0
        }
    },
    "middle00_R": {
        "rotation": {
            "x": 0.0,
            "y": 0.0,
            "z": 0.0
        }
    },
    "middle01_R": {
        "rotation": {
            "x": 0.0,
            "y": 0.0,
            "z": 0.0
        }
    },
    "middle02_R": {
        "rotation": {
            "x": 0.0,
            "y": 0.0,
            "z": 0.0
        }
    },
    "middle03_R": {
        "rotation": {
            "x": 0.0,
            "y": 0.0,
            "z": 0.0
        }
    },
    "ring00_R": {
        "rotation": {
            "x": 0.0,
            "y": 0.0,
            "z": 0.0
        }
    },
    "ring01_R": {
        "rotation": {
            "x": 0.0,
            "y": 0.0,
            "z": 0.0
        }
    },
    "ring02_R": {
        "rotation": {
            "x": 0.0,
            "y": 0.0,
            "z": 0.0
        }
    },
    "ring03_R": {
        "rotation": {
            "x": 0.0,
            "y": 0.0,
            "z": 0.0
        }
    },
    "pinky00_R": {
        "rotation": {
            "x": 0.0,
            "y": 0.0,
            "z": 0.0
        }
    },
    "pinky01_R": {
        "rotation": {
            "x": 0.0,
            "y": 0.0,
            "z": 0.0
        }
    },
    "pinky02_R": {
        "rotation": {
            "x": 0.0,
            "y": 0.0,
            "z": 0.0
        }
    },
    "pinky03_R": {
        "rotation": {
            "x": 0.0,
            "y": 0.0,
            "z": 0.0
        }
    }
}